month,domain,n_gilds
march,youtu.be,88
march,imgur.com,640
january,gfycat.com,118
february,youtu.be,48
march,i.redd.it,460
february,gfycat.com,72
march,self.AskReddit,58
january,i.redd.it,273
march,i.imgur.com,404
february,i.redd.it,253
march,gfycat.com,91
january,i.imgur.com,413
february,imgur.com,487
march,self.gonewildaudio,43
february,i.imgur.com,355
january,self.blog,49
february,youtube.com,146
january,self.AskReddit,48
march,i.reddituploads.com,79
february,independent.co.uk,40
january,eroshare.com,48
january,youtube.com,170
january,imgur.com,715
february,i.reddituploads.com,232
january,i.reddituploads.com,320
january,youtu.be,62
march,youtube.com,156
february,self.nosleep,47
february,self.AskReddit,38
march,self.DestinyTheGame,45
