month,subreddit,n_posts
march,AskReddit,249725
january,videos,76393
march,AutoNewspaper,222477
february,news,69621
march,news,75836
march,RocketLeagueExchange,196859
february,The_Donald,161815
february,videos,66780
january,AutoNewspaper,164002
march,EbayWTF,68342
march,GlobalOffensiveTrade,142488
january,RocketLeagueExchange,219164
february,AskReddit,223647
january,Overwatch,53889
february,GlobalOffensiveTrade,105205
january,news,75029
march,funny,62515
february,RocketLeagueExchange,175661
march,videos,69694
february,funny,61630
january,GlobalOffensiveTrade,119562
january,funny,71131
january,The_Donald,196901
january,Showerthoughts,75787
january,AskReddit,266230
february,AutoNewspaper,160969
february,forhonor,53560
march,The_Donald,157405
february,Showerthoughts,62614
march,Showerthoughts,64722
