subreddit,total_score_sum
politics,5179472
aww,4123193
pics,3431812
funny,3140245
gifs,3045262
gaming,2480118
BlackPeopleTwitter,2144369
news,2040785
4chan,1825582
AdviceAnimals,1797296
todayilearned,1717611
worldnews,1652389
conspiracy,1612193
ImGoingToHellForThis,1497246
HillaryForPrison,1497079
CringeAnarchy,1404745
SandersForPresident,1337849
dankmemes,1331856
interestingasfuck,1236953
KotakuInAction,1199091
uncensorednews,824625
WTF,759766
videos,735406
Mr_Trump,711003
atheism,680257
Eyebleach,654768
technology,575859
oddlysatisfying,561276
woahdude,556983
trees,522882
me_irl,478914
Conservative,439342
TwoXChromosomes,416862
WikiLeaks,403299
meirl,400690
nfl,377604
nevertellmetheodds,370160
Celebs,362555
OldSchoolCool,330273
gentlemanboners,327952
pcmasterrace,326848
worldpolitics,324955
nba,324697
Unexpected,302770
Libertarian,297392
EnoughTrumpSpam,295930
MensRights,293091
Jokes,286715
AskReddit,276934
whitepeoplegifs,276866
